<?xml version="1.0" encoding="UTF-8"?>
<configuration>

    <!-- Make springAppName available for log patterns -->
    <springProperty scope="context" name="springAppName" source="spring.application.name"/>

    <!-- Console appender -->
    <appender name="CONSOLE" class="ch.qos.logback.core.ConsoleAppender">
        <encoder>
            <pattern>%d{yyyy-MM-dd HH:mm:ss} %-5level [%X{springAppName}] %logger{36} - %msg%n-------------------------%n</pattern>
        </encoder>
    </appender>

    <!-- Exception file appender in logs/ folder -->
    <appender name="EXCEPTION_FILE" class="ch.qos.logback.core.rolling.RollingFileAppender">
        <rollingPolicy class="ch.qos.logback.core.rolling.TimeBasedRollingPolicy">
            <fileNamePattern>C:/nalam/exception/${springAppName}/${springAppName}-%d{yyyy-MM-dd}.log</fileNamePattern>
            <maxHistory>30</maxHistory>
        </rollingPolicy>
        <encoder>
            <pattern>%d{yyyy-MM-dd HH:mm:ss} %-5level [%X{springAppName}] [%thread] %logger{36} - %msg%n-------------------------%n</pattern>
        </encoder>
    </appender>

    <!-- Audit file appender in logs/ folder -->
    <appender name="AUDIT_FILE" class="ch.qos.logback.core.rolling.RollingFileAppender">
        <rollingPolicy class="ch.qos.logback.core.rolling.TimeBasedRollingPolicy">
            <fileNamePattern>C:/nalam/aop/${springAppName}/${springAppName}-%d{yyyy-MM-dd}.log</fileNamePattern>
            <maxHistory>30</maxHistory>
        </rollingPolicy>
        <encoder>
            <pattern>%d{yyyy-MM-dd HH:mm:ss} %-5level [%X{springAppName}] [%thread] %logger{36} - %msg%n-------------------------%n</pattern>
        </encoder>
    </appender>

    <!-- Exception logger -->
    <logger name="ExceptionLogger" level="ERROR" additivity="false">
        <appender-ref ref="EXCEPTION_FILE"/>
    </logger>

    <!-- Audit logger for AOP -->
    <logger name="AUDIT_LOGGER" level="INFO" additivity="false">
        <appender-ref ref="AUDIT_FILE"/>
    </logger>

    <!-- Root logger for console output -->
    <root level="INFO">
        <appender-ref ref="CONSOLE"/>
    </root>
</configuration>
